Australia,Austria,Belgium,Canada,Chile,Colombia,Czechia,Denmark,Finland,France,Germany,Greece,Hungary,Iceland,Ireland,Israel,Italy,Japan,Korea,Latvia,Lithuania,Luxembourg,Mexico,Netherlands,Norway,Poland,Portugal,Slovak Republic,Slovenia,Spain,Sweden,Türkiye,United Kingdom,United States,Euro area (20 countries),European Union (27 countries from 01/02/2020)
5.047476,4.6,7.2,7.7,6.851118,10.50224,6.6,7.5,7.9,9.4,5.1,21.4,10.8,7.3,15.6,6.85685,9.7,4.5,3.2,15.5,13.9,4.9,4.726793,6.6,3.8,10.2,15.1,13.9,8.3,23.3,8.1,8.4,8.3,8.3,10.9,10.5
5.190532,5.1,7.3,7.6,6.809232,10.7632,7.1,8.1,7.4,9.5,5.1,22.5,10.8,7.2,16.1,6.967325,10.2,4.5,3.4,15.8,14.1,4.9,5.300821,6.5,3.7,10.2,15.6,13.9,8.1,23.6,8,8.6,8.2,8.3,11,10.7
5.182729,4.9,7.2,7.3,6.751463,10.23655,6.9,7.6,7.9,9.5,5.1,23.1,10.8,7.2,16.1,7.242235,10.7,4.5,3.3,16.1,14,5,5.024785,6.5,2.8,10.2,16,13.8,7.9,23.9,7.7,8.6,8.2,8.2,11.2,10.8
4.993769,5,7.3,7.4,6.716383,10.79718,6.9,8.4,7.6,9.6,5.1,23.4,10.7,7,15.7,7.098435,10.7,4.5,3.3,16.4,13.7,5,4.957974,6.8,3.4,10.2,16.3,14,8.1,24.2,7.7,8.5,8.1,8.2,11.3,10.9
5.201229,5.1,7.4,7.5,6.521386,10.7426,6.8,8.5,7.7,9.7,5.1,24,10.6,6.9,15.5,7.090054,10.6,4.4,3.1,16.3,13.5,5.1,4.995431,6.7,3.6,10.3,16.1,13.8,8.4,24.6,8.4,8.3,8,8.2,11.4,11
5.162741,5.5,7.4,7.4,6.361244,10.3677,6.8,7.8,7.7,9.7,5.1,25.6,10.5,6.8,15.4,6.727084,10.9,4.3,3.2,15.5,13.3,5.1,4.90601,6.7,3.3,10.4,16.1,13.7,8.7,24.8,8,8,8,8.2,11.5,11
5.180879,5.4,7.4,7.3,6.242573,10.57255,6.9,7.5,7.8,9.7,5.1,25.2,10.5,6.7,15.6,6.392712,11.1,4.3,3.1,14.3,13.1,5,4.700465,6.8,3.4,10.5,16.2,13.8,9.3,25,8.2,8.1,7.9,8.2,11.5,11.1
5.157012,5.5,7.6,7.4,6.34655,10.15179,7.2,8.1,8.4,9.7,5,25.8,10.4,6.6,15.5,6.767737,10.9,4.2,3.2,13.8,13.1,5,5.008276,6.8,3.4,10.6,16.9,13.8,9.5,25.2,8.3,8.2,7.9,8.1,11.6,11.1
5.487153,5.5,7.8,7.4,6.608582,10.52068,6.9,7.7,8,9.8,5,26.7,10.5,6.5,15.3,6.811393,11.2,4.2,3.2,13.9,13.1,5.1,4.668444,6.9,3.3,10.6,16.9,13.7,9.5,25.5,8.3,8.4,7.9,7.8,11.7,11.2
5.409693,5.3,8.2,7.4,6.581548,10.17945,7.2,7.6,7.7,10.1,5,26.2,10.4,6.4,15.2,6.955565,11.6,4.1,3.1,14.4,13.1,5.2,4.913236,7,3.9,10.5,17.4,14,9.5,25.7,8.2,8.4,7.8,7.8,11.9,11.3
5.255789,5.4,8.4,7.3,6.706382,10.59705,7.5,7.3,8.2,10.2,5,26.9,10.4,6.3,15,6.824036,11.6,4.1,3.2,14.4,13.1,5.3,5.289745,7.2,3.6,10.5,17.8,14.2,9.4,25.9,8.6,8.6,7.8,7.7,12,11.5
5.431389,5.5,8.5,7.2,6.490816,10.57495,7.1,7.4,7.7,10.3,5,26.8,10.5,6.3,14.8,6.870609,11.6,4.3,3.1,13.9,12.8,5.4,4.954203,7.4,3.8,10.6,18.3,14.3,9.8,26,8.3,8.8,7.8,7.9,12,11.5
5.389454,5.9,8.5,7.1,6.641868,10.0815,6.9,7.9,8.6,10.4,5.1,27.6,10.8,6.3,14.7,6.719836,12.1,4.2,3.1,13.1,12.4,5.5,5.205924,7.5,3.7,10.8,18.4,14.3,10.2,26.2,8.1,8.8,8,8,12.2,11.7
5.393191,5.6,8.5,7,6.432781,10.64188,7.4,7.2,8.5,10.4,5.1,27.1,10.6,6.3,14.6,6.800134,12,4.3,3.2,12.6,12,5.6,4.864906,7.7,4,10.9,18.4,14.4,10.5,26.4,8.2,8.8,7.9,7.7,12.2,11.7
5.639874,6,8.5,7.3,6.530146,10.04432,7.3,7.5,8.2,10.4,5,27.5,10.2,6.2,14.3,6.638408,12,4.1,3,12,11.8,5.7,4.916241,7.9,3.9,11,18.3,14.3,10.8,26.3,8.5,9,7.8,7.5,12.2,11.7
5.587704,5.5,8.6,7.2,6.328636,10.12899,6.9,8.3,8.2,10.5,5,28.2,9.8,6.2,14.5,6.784447,12.3,4.1,3,11.5,11.9,5.7,5.148942,8,4,11,18.1,14.3,10.8,26.3,8.4,9.1,7.8,7.6,12.3,11.7
5.61097,5.4,8.5,7,6.020353,9.552051,7.2,6.6,8.6,10.4,5,27.9,9.7,6.1,14.5,6.584878,12.4,4.1,3,11.3,11.7,5.8,5.073996,8.1,4,10.9,17.9,14.3,10.6,26.2,8,9,7.8,7.5,12.2,11.6
5.695768,5.5,8.5,7.2,5.601632,9.616879,6.8,7.5,7.4,10.4,4.9,27.8,9.5,6,14.1,6.180905,12.4,3.9,3.1,11.3,11.6,5.9,5.071867,8.3,3.8,10.7,17.4,14.3,10.2,26.1,8.2,8.9,7.7,7.5,12.2,11.6
5.634077,5.7,8.5,7.3,5.583131,9.621816,6.6,7.5,7.8,10.3,4.9,28.3,9.5,6,13.6,6.125324,12.2,3.8,3.2,11.8,11.7,5.9,4.810998,8.5,3.6,10.6,17.3,14.1,9.8,26.2,8.1,9.1,7.7,7.3,12.1,11.5
5.84357,5.5,8.5,7.2,5.651752,9.792922,7.1,7.1,8.2,10.1,4.9,27.9,9.4,5.9,13.3,5.805369,12.6,4.1,3.2,12.1,11.8,5.9,4.833488,8.5,4.3,10.5,16.7,14,9.7,26.1,8.2,9.2,7.6,7.2,12.1,11.5
5.704611,6,8.6,7.1,5.878942,9.484051,7,7.5,8.4,10.3,4.9,28.1,9.2,5.9,13.1,5.781987,12.6,3.9,3,12.1,11.7,6,4.948772,8.5,3.9,10.3,16.3,14,9.6,26.1,8.3,9.3,7.4,7.2,12.1,11.5
5.822775,5.7,8.6,7.2,6.068118,9.001007,6.6,6.8,8.1,10.1,4.8,27.7,9.1,5.9,12.9,5.674376,12.6,4,3.1,11.7,11.7,6,4.888458,8.5,3.7,10.2,16.2,14,9.6,26,8,9.1,7.2,7.2,12.1,11.5
5.795428,6,8.6,7.1,6.220797,9.679634,7,7.6,8.9,10.2,4.8,28.2,8.6,5.8,12.8,5.626081,12.6,3.9,3.1,11.5,11.7,6,4.636912,8.4,4,10.2,16.1,14,9.7,25.9,8.2,9.2,7.2,6.9,12.1,11.5
5.89916,5.9,8.7,7.4,6.594898,9.173055,6.7,6.9,8.5,10.2,4.9,27.7,8.2,5.8,12.8,5.789082,12.6,3.7,3.2,11.4,11.6,6,4.751362,8.5,4.4,10.2,15.8,13.9,9.9,25.5,8.2,9.1,7.2,6.7,12,11.4
5.945875,6.2,8.8,7.2,6.451049,9.356928,6.5,7.5,8.4,10.2,4.8,27,8,5.8,12.9,5.774132,13,3.7,3.2,11.5,11.6,6,4.885503,8.6,4.1,10.3,15.6,13.8,10.2,25.5,8.3,9.2,6.9,6.6,12,11.4
5.875715,5.9,8.7,7.2,6.508014,9.756219,6.5,6.9,8.8,10.2,4.8,27.9,7.8,5.8,12.9,5.879754,12.9,3.6,3.6,11.5,11.3,5.9,4.697081,8.7,3.2,10.3,15.6,13.8,10.3,25.3,8.2,9.5,6.8,6.7,12,11.4
5.874364,6.3,8.7,7.1,6.162454,9.456015,6.6,6.7,8.9,10.2,4.8,26.9,7.7,5.8,12.7,5.737314,12.7,3.7,3.4,11.3,11,6,5.233077,8.7,3.8,10.1,15.5,13.7,10.1,25.1,8.3,9.5,6.6,6.7,11.9,11.3
5.803038,5.5,8.6,7.1,6.131484,8.948829,6.3,6.7,8.3,10.1,4.8,26.8,7.5,5.7,12.4,5.799011,12.8,3.6,3.6,10.9,11,5.9,4.948678,8.6,3.6,9.8,15.3,13.5,9.6,24.8,8.3,9.7,6.5,6.2,11.8,11.1
5.93147,5.9,8.5,7.3,6.268479,8.750723,6.2,6.8,8.7,10.1,4.7,27.6,7.8,5.6,12.2,5.931893,12.7,3.6,3.5,10.5,11.2,6,5.04998,8.5,3.4,9.5,14.9,13.4,9.5,24.6,7.8,9.7,6.3,6.3,11.8,11.1
6.049852,6.2,8.5,7.1,6.275659,9.470734,6.1,7,8.9,10.2,4.7,26.7,7.8,5.6,12,6.044113,12.3,3.7,3.5,10.4,11,6,4.868321,8.3,3.5,9.2,14.7,13.2,9.4,24.3,8.3,9.7,6.2,6.1,11.6,10.9
6.177134,6.1,8.6,7.1,6.517836,9.092607,5.8,6.5,8,10.2,4.7,26.1,7.4,5.5,11.9,6.025386,12.9,3.7,3.5,10.7,10.4,6,5.14525,8.2,4.1,8.9,14.5,13.1,9.4,24.3,8,9.9,6,6.2,11.7,10.9
6.105159,6,8.6,7,6.529406,9.211619,6.2,7.1,8.5,10.2,4.7,26.6,7.3,5.5,11.7,6.133703,12.5,3.5,3.6,10.9,10.3,6,4.839369,8.1,3.6,8.7,13.8,12.9,9.5,24.1,8.2,10.2,6,6.1,11.6,10.8
6.23626,6.1,8.7,7,6.491415,8.834551,5.8,7.2,9.2,10.4,4.7,26.4,7,5.4,11.4,5.996522,12.9,3.5,3.5,10.9,10,6.1,4.774193,8,4.1,8.5,13.7,12.6,9.6,24,7.9,10.1,6,5.9,11.6,10.8
6.357544,6,8.7,6.8,6.439579,8.87445,5.6,6.8,9.2,10.4,4.7,26.1,7.1,5.3,11,5.624396,13,3.6,3.6,10.7,10.3,6.1,4.634984,8.1,4,8.4,13.9,12.5,9.6,24,8.2,10.4,5.9,5.7,11.6,10.8
6.295665,6.2,8.7,6.8,6.678413,9.039743,6.1,6.7,9,10.5,4.6,25.6,7.2,5.2,10.8,5.783947,13.2,3.4,3.5,10.5,10.5,6.2,4.691376,8.1,4,8.4,14,12.5,9.6,23.8,8.1,10.5,5.7,5.8,11.6,10.9
6.102595,6.1,8.7,6.7,6.591648,9.545774,5.8,7.1,9.4,10.5,4.6,26.2,7,5.1,10.8,5.64585,12.4,3.4,3.6,10.1,10.2,6.2,4.179847,8.2,3.9,8.4,14.1,12.4,9.6,23.6,7.7,10.3,5.7,5.6,11.5,10.7
6.35091,5.9,8.8,6.8,6.477295,8.952216,5.8,6,8.7,10.4,4.5,25.6,7.1,5.1,10.8,5.613056,12.4,3.6,3.5,9.8,9.6,6.3,4.33867,8.3,4.3,8.4,14.2,12.3,9.3,23.4,8,10.5,5.6,5.7,11.4,10.6
6.153555,6,8.8,6.9,6.226536,8.941422,5.8,6.5,9.8,10.3,4.5,25.2,7.1,5,10.7,5.285436,12.4,3.5,3.6,9.8,9.3,6.4,4.375702,8.1,4.7,8.3,14.1,12.1,9.2,23.2,8.1,10.7,5.6,5.5,11.3,10.6
6.102706,6,8.9,6.8,6.36015,8.681091,5.7,6.6,9.5,10.4,4.5,26.4,7,4.9,10.5,5.358013,12.6,3.4,3.5,9.9,9,6.4,4.243215,8.1,4.5,8.1,13.7,12,9.2,22.9,7.7,10.5,5.5,5.4,11.3,10.5
6.11108,6.3,8.8,6.9,6.536026,9.291133,5.3,6.5,9.5,10.4,4.4,25.4,6.9,4.8,10.3,5.006606,12.2,3.4,3.6,9.6,9.3,6.4,4.416203,8.1,4.5,7.9,13.3,11.7,9.4,22.7,8,10.5,5.7,5.4,11.2,10.4
5.9325,6.4,8.7,6.8,6.429644,8.834196,5,6.1,9.3,10.5,4.4,24.3,6.7,4.7,10,5.065702,12.3,3.3,3.7,9.7,9.2,6.6,4.523786,8,4.4,7.7,12.7,11.5,9.5,22.5,7.8,10.2,5.6,5.6,11.1,10.3
6.009812,6.1,8.5,6.9,6.380538,8.503854,5,6.4,9.9,10.4,4.4,25.4,6.5,4.6,9.9,5.452021,12.3,3.4,3.8,9.8,9.3,6.5,4.432002,7.9,4.8,7.6,12.5,11.5,9.3,22.2,7.7,10.2,5.6,5.3,11.1,10.3
6.279938,6.1,8.2,6.9,6.276571,8.60451,5,6.6,9.5,10.3,4.3,25.2,6.5,4.5,9.6,5.411047,11.7,3.3,3.7,9.9,9.2,6.5,4.435588,7.7,5.2,7.5,12.4,11.4,9,21.9,7.3,10.1,5.4,5.2,10.8,10.1
6.088055,6,8.2,7,6.334277,9.286574,4.8,6.1,9.5,10.3,4.3,23.9,6.2,4.4,9.5,5.075094,11.7,3.4,3.7,10,9.2,6.5,4.379034,7.7,4.2,7.5,12.5,11.3,8.8,21.6,7.1,10.1,5.4,5.1,10.7,10
6.172926,6.1,8.4,7.1,6.385866,9.276272,4.8,6,9.3,10.3,4.3,25,6.2,4.3,9.6,5.074142,11.6,3.4,3.5,10,9.1,6.5,4.193078,7.8,4.8,7.4,12.6,11.2,8.6,21.4,7.5,10.2,5.2,5,10.7,9.9
5.913723,6,8.8,7,6.405972,9.200528,4.6,6.2,9.6,10.3,4.3,25,6,4.1,9.6,5.221682,11.7,3.2,3.5,10,9.1,6.5,4.443592,7.9,5,7.3,12.6,11.1,8.5,21.3,7.4,10.2,5.1,5,10.7,9.9
5.849007,6.6,8.9,7.1,6.324189,8.459396,4.5,5.9,9.2,10.3,4.2,24.1,6,3.9,9.6,5.232796,11.5,3.3,3.6,10.1,8.8,6.5,4.099219,7.7,4.5,7.2,12.6,10.9,8.5,20.9,7.1,10.2,5.1,5.1,10.6,9.8
5.73619,6.4,8.8,7.2,6.271721,9.262243,4.6,6.3,9.7,10.2,4.2,23.9,5.7,3.8,9.2,5.242683,11.7,3.3,3.5,10,8.6,6.5,4.360741,7.6,5.2,7,12.6,10.7,8.5,20.8,7.4,10.4,5.1,5,10.6,9.8
6.039996,6.6,8.4,7.3,6.295529,9.73337,4.3,5.7,9.1,10.3,4.2,24.8,5.7,3.7,9.1,5.092672,11.6,3.2,3.4,10,8.1,6.4,4.08792,7.4,5,6.8,12.5,10.4,8.4,20.6,7.2,10.2,5.2,4.8,10.5,9.6
5.693939,6.4,8.2,7.3,6.486078,9.046057,4.2,6.1,9.2,10.4,4.1,24,5.5,3.6,8.9,5.331605,11.7,3.3,3.9,9.9,8,6.4,4.193976,7.5,5.6,6.7,12.7,10.3,8.3,20.4,7.3,10.1,5.1,4.9,10.5,9.6
5.652998,6.4,8.2,7.2,6.619864,9.920391,4,6.1,9.4,10.2,4.1,24,5.4,3.6,8.8,5.251695,11.6,3.2,3.8,9.7,8.1,6.4,4.10844,7.4,4.8,6.6,12.5,10.1,8.3,20.3,7.5,10.2,5.1,5,10.3,9.5
5.644396,6.2,8.2,7.3,6.8205,8.829074,3.9,6,8.9,10.1,4,24.1,5.2,3.6,8.9,5.062057,11.8,3.2,3.6,9.5,7.9,6.3,3.911525,7.4,5,6.4,12,10,8.1,20.3,6.9,10.1,5,5.1,10.3,9.4
5.72308,6.8,8.2,7,6.76492,8.764709,4,6.3,8.6,10,4,24.1,5,3.5,8.8,4.74366,11.6,3.2,3.6,9.5,8.3,6.2,4.09933,7.2,5.1,6.4,11.5,9.9,8,20.1,7.4,10.3,5,4.8,10.2,9.4
5.698083,6.8,8.1,6.9,6.91649,9.153064,4.2,5.9,9.3,10,4,23.7,4.8,3.4,8.7,4.701967,11.7,3.1,3.5,9.5,8.1,6.2,3.950103,7.1,4.7,6.4,11.3,9.7,7.8,19.9,6.9,10.7,4.9,4.9,10.2,9.3
5.700124,6.5,7.9,6.9,6.774383,9.501312,4.1,6.5,9,9.8,3.9,23.8,4.8,3.4,8.5,4.648199,11.6,3,3.6,9.7,8.1,6.2,3.774944,7,4.9,6.3,11,9.6,7.5,19.5,7,11.1,5,4.8,10,9.2
5.618254,6.9,7.7,6.9,6.81664,9.171328,3.7,5.8,8.4,9.9,3.9,24.1,4.7,3.4,8.3,4.733734,11.7,3.1,4,9.8,7.9,6.3,3.742794,6.8,5.1,6.3,11,9.5,7.4,19.3,7.3,11.1,4.9,4.9,10,9.1
5.665516,6.5,7.5,7,6.63255,8.999318,4,5.7,8.4,9.9,3.8,23.4,4.6,3.4,7.9,4.859981,11.8,3,3.9,9.8,7.7,6.4,3.857145,6.7,4.8,6.1,11,9.3,7.6,19.1,6.9,11.6,4.9,5,9.9,9.1
5.601954,6.3,7.2,6.9,6.647427,9.308603,3.8,6.3,9,10.1,3.8,23.5,4.5,3.4,7.7,4.721439,11.7,3,3.8,9.6,7.6,6.3,3.570356,6.6,4.8,5.9,10.8,9.2,8.1,18.9,7.1,11.5,4.9,4.9,9.9,9
5.766311,6.2,7.2,6.8,6.672417,8.67704,3.6,5.8,9.4,10.1,3.7,23.6,4.3,3.4,7.5,4.494108,12,3,3.6,9.4,7.6,6.3,3.632839,6.6,4.9,5.7,10.7,9,8.2,18.8,7,11.6,4.8,4.7,9.9,9
5.829179,6.1,7.3,6.9,6.744998,9.521257,3.6,5.6,8.5,10,3.7,23.6,4.3,3.4,7.5,4.28292,11.8,3,3.4,9.3,7.6,6.3,3.694192,6.4,4.2,5.5,10.4,8.9,8.1,18.5,7.1,12.1,4.8,4.7,9.7,8.8
5.681958,6.2,7.6,6.8,7.036932,9.488227,3.4,6.1,8.9,9.7,3.7,23.2,4.2,3.3,7.4,4.437571,11.7,3,3.4,9.2,7.8,6,3.460399,6.4,4.1,5.3,10.4,8.6,7.7,18.4,7,12,4.7,4.7,9.6,8.7
5.892553,6,7.8,6.6,7.018091,9.448545,3.3,6.3,9.1,9.6,3.7,22.9,4.2,3.3,7.3,4.319126,11.5,2.9,4,9,7.8,5.9,3.421041,6.3,4.5,5.1,10.2,8.5,7.3,18.2,7.1,11.9,4.6,4.6,9.5,8.6
5.846819,6.2,7.6,6.7,7.078488,9.351701,3.3,5.9,8.9,9.6,3.7,22.5,4.2,3.2,7.1,4.401333,11.5,2.8,3.7,8.9,7.6,5.8,3.51625,6.2,4.7,5.1,10.1,8.4,6.9,18,6.6,11.9,4.6,4.4,9.5,8.6
5.60716,5.8,7.4,6.5,7.101621,8.541517,3.3,5.9,9.3,9.5,3.6,22.2,4.3,3.2,6.8,4.359977,11.2,2.8,3.8,8.8,7.5,5.6,3.556185,6.1,4.6,5.2,9.8,8.4,6.7,17.6,7,11.6,4.5,4.4,9.3,8.4
5.550682,6,7.2,6.6,7.055101,9.230182,2.9,5.9,8.8,9.6,3.6,22.4,4.2,3.2,6.6,4.493949,11.5,3,3.5,8.9,7.2,5.5,3.602216,6.1,4.7,5.2,9.4,8.3,6.6,17.4,6.9,11.1,4.5,4.4,9.3,8.4
5.62688,5.8,7.2,6.5,6.866483,8.848147,2.9,5.8,8.9,9.5,3.6,21.8,4.1,3.2,6.6,4.329674,11.2,2.8,3.7,8.9,6.9,5.5,3.272896,6,4.6,5.1,9.3,8,6.5,17.1,6.7,11,4.4,4.3,9.1,8.3
5.61174,5.8,7.2,6.3,6.616773,9.198583,2.8,5.8,8.4,9.6,3.5,21.4,4,3.2,6.7,3.892208,11.4,2.8,3.5,8.8,6.8,5.6,3.219411,5.9,4.2,4.9,9.1,7.9,6.5,16.8,7.1,10.6,4.4,4.3,9.1,8.2
5.530246,5.9,7.1,6.2,6.78391,9.362286,2.7,6,8.4,9.5,3.5,21.3,3.9,3.2,6.7,4.122582,11.4,2.8,4,8.7,6.7,5.5,3.287917,5.7,4.2,4.9,8.9,7.8,6.4,16.7,6.6,10.5,4.3,4.4,9,8.2
5.461083,5.9,6.9,6.2,6.942099,9.640716,2.7,6,9,9.3,3.5,21.3,3.9,3.3,6.7,3.966834,11.2,2.8,3.7,8.6,6.6,5.6,3.348541,5.7,4.3,4.8,8.6,7.8,6.3,16.7,7,10.3,4.3,4.3,8.9,8.1
5.408438,5.7,6.7,6.4,6.955764,9.370318,2.6,5.4,8.2,9.1,3.5,21.1,3.8,3.3,6.6,4.102282,11.1,2.7,3.7,8.5,6.8,5.4,3.422041,5.5,4,4.7,8.5,7.8,6,16.7,7,10.3,4.3,4.2,8.8,8
5.450583,5.9,6.4,6.1,6.996638,9.67818,2.4,5.5,8,9,3.4,21.4,3.8,3.3,6.4,4.175532,11,2.7,3.7,8.3,6.8,5.4,3.510932,5.4,4.1,4.6,8.2,7.7,5.9,16.7,6.6,10.1,4.4,4.2,8.8,7.9
5.603396,5.9,6.2,6,7.212045,9.308219,2.3,5.3,9,9,3.4,21,3.7,3.3,6.3,4.061811,10.9,2.7,3.5,8.1,6.8,5.6,3.407835,5.4,4.5,4.4,8.1,7.5,5.8,16.6,6.8,9.9,4.4,4.1,8.7,7.9
5.520338,5.6,6.1,5.9,7.260111,9.597895,2.5,5.4,8.5,9.2,3.3,20.5,3.7,3.3,6,3.603884,11,2.4,3.4,8,6.9,5.5,3.203354,5.2,4,4.2,8.1,7.2,5.6,16.4,6.8,9.8,4.3,4,8.7,7.8
5.580243,5.4,6.1,6,7.327574,9.700419,2.3,4.6,8.4,9.3,3.3,21,3.7,3.2,5.9,3.8578,10.8,2.5,3.8,7.8,6.8,5.6,3.178795,5.1,4,4,7.9,7,5.6,16.2,5.9,10,4.3,4.1,8.6,7.7
5.531766,5.3,6.2,5.8,6.987342,9.188756,2.2,5.6,8.3,9.3,3.3,20.5,3.6,3.2,5.8,3.770313,10.9,2.5,4,7.8,6.6,5.6,3.214018,5,4.2,3.9,7.8,6.8,5.5,15.9,6.3,10,4.3,4,8.5,7.6
5.540345,5.1,6.4,5.8,7.167818,8.967354,2.3,5.1,7.7,9.2,3.3,20,3.5,3.2,5.9,4.040606,11,2.5,3.8,7.7,6.2,5.5,3.444162,4.9,4.2,3.8,7.4,6.8,5.4,15.7,6.6,10.2,4.2,4,8.4,7.6
5.440411,4.9,6.4,5.9,7.268318,9.239582,2.2,5,7.3,9.2,3.2,19.9,3.5,3.2,5.9,4.063387,10.6,2.2,3.8,7.7,5.9,5.5,3.242326,4.9,3.6,3.8,7.3,6.7,5.3,15.5,6.1,10.6,4.1,3.8,8.3,7.4
5.346203,5,6.2,6,7.485902,9.065781,2.3,5.3,7,9.1,3.2,19.7,3.4,3.2,5.8,3.996886,10.7,2.4,3.6,7.5,6.1,5.6,3.320764,4.9,4.3,3.8,7,6.6,5.2,15.2,6.6,10.7,4.1,4,8.2,7.4
5.303545,5.2,5.9,5.9,7.412537,9.239825,2.2,5,7.2,9,3.2,19.5,3.6,3.2,5.7,4.132446,10.3,2.5,3.8,7.3,5.9,5.6,3.243017,4.9,4.1,3.9,6.9,6.4,5.2,15,6.5,10.8,4.1,3.8,8.1,7.3
5.246977,5.5,5.6,6,7.261343,9.234333,2.4,5,7.4,8.9,3.2,19.6,3.5,3.1,5.7,3.955144,10.2,2.5,4.6,7.1,6,5.7,3.202253,4.9,3.9,3.9,7,6.3,5,14.8,6.5,11.2,4.2,3.8,8,7.2
5.016415,5.4,5.6,5.8,7.370204,9.703495,2.2,4.7,7,8.8,3.2,19.1,3.5,3.1,5.7,4.132664,10.3,2.3,4.1,7,6,5.6,3.293131,4.8,4.4,3.9,6.6,6.2,4.8,14.7,6.6,11.5,4.1,3.7,8,7.2
5.010626,5.1,5.7,5.7,7.582631,9.974237,2.1,5,7.2,8.8,3.1,19.2,3.4,3.1,5.9,4.00702,10.7,2.4,4,7.1,6.1,5.5,3.149343,4.7,4,3.9,6.7,6.2,4.6,14.7,6.5,11.6,4.1,3.8,8,7.2
5.102599,5,5.8,5.7,7.661093,9.929559,2,5.1,7.1,8.7,3.1,19.3,3.4,3.2,5.7,4.04028,10.5,2.5,3.8,7,5.9,5.4,3.324987,4.6,3.9,3.9,6.7,6.1,4.5,14.6,6.6,12.2,4.1,3.8,7.9,7.2
5.003296,5.2,5.7,5.7,7.516346,10.44388,2.2,5.7,5.9,8.8,3.1,18.6,3.4,3.2,5.5,4.250752,10.3,2.5,3.6,6.9,5.9,5.3,3.626044,4.6,3.7,3.9,6.8,5.9,4.4,14.4,6.8,12.7,4,3.9,7.9,7.1
5.043542,4.9,5.6,5.7,7.26657,10.37128,2.1,5.1,6.6,8.8,3.1,19.3,3.4,3.3,5.1,4.221571,10.4,2.5,3.9,6.8,6.1,5.2,3.382751,4.6,3.9,3.8,6.8,5.8,4.6,14.3,6.3,13.6,4,4,7.9,7
4.989367,5.2,5.6,5.8,7.188558,10.55925,1.8,5.1,7,8.7,3,19.1,3.4,3.4,4.9,4.044393,10.4,2.4,3.9,6.6,6.2,5.5,3.316074,4.4,4.3,3.6,6.7,5.7,4.6,14.2,6.9,13.8,3.9,3.8,7.8,7
5.092001,5,5.6,5.9,7.081838,10.53099,2,5.2,6.5,8.7,3,18.3,3.3,3.5,5,3.860553,10.2,2.5,3.8,6.5,6.2,5.7,3.564374,4.4,3.6,3.5,6.8,5.7,4.5,14.2,7.4,13.9,3.9,3.8,7.7,6.9
5.214157,5.1,5.6,5.7,7.028856,9.672962,2.1,5.4,7.2,8.6,3,18.3,3.3,3.6,5.1,3.923743,10.3,2.4,4.1,6.4,6.1,5.6,3.562713,4.3,3.2,3.4,6.8,5.6,4.3,14.2,6.6,13.8,3.9,3.7,7.7,6.9
5.204646,4.9,5.5,5.4,7.019963,10.01737,2.1,4.8,6.8,8.5,2.9,17.5,3.2,3.8,5.2,3.673518,10,2.3,3.9,6.3,6,5.6,3.545714,4.3,3.5,3.3,6.7,5.7,4.3,14.2,6.6,13.7,4,3.6,7.6,6.8
5.267586,4.6,5.5,5.6,7.18687,9.333633,1.8,4.5,6.2,8.5,2.9,17.4,3.2,3.9,5.2,4.061372,9.6,2.3,3.9,6.3,6,5.7,3.531349,4.4,3.9,3.2,6.6,5.7,4.4,14.2,6.4,13.7,3.9,3.6,7.5,6.7
5.285901,4.8,5.2,5.8,7.263663,10.34567,2.1,4.6,6.5,8.4,2.9,17.9,3.2,4,5.1,3.711081,9.6,2.3,3.9,6.3,6.2,5.7,3.48098,4.4,3.9,3.2,6.4,5.8,4.8,14.2,7.3,13.9,4,3.7,7.5,6.7
5.265576,5,5.1,5.8,7.138522,10.92892,2.1,4.9,7,8.2,2.9,17.4,3.2,4.1,5,3.656752,9.5,2.3,3.6,6.2,6.3,5.8,3.452876,4.5,4.2,3.1,6.3,5.7,4.8,14.1,7.3,14.1,3.9,3.6,7.4,6.7
5.220718,4.5,5.1,5.6,7.109942,10.85157,2.1,5.1,6.6,8.1,2.9,17.4,3.3,4.2,4.9,3.5497,9.7,2.4,3.5,6,6.4,5.5,3.511279,4.5,3.6,3.1,6.5,5.8,4.7,14,6.8,14.1,3.9,3.5,7.4,6.7
5.316473,4.9,5.2,5.6,7.221293,10.7782,2.1,5,6.9,8.2,3,17.2,3.3,4.3,4.8,3.520581,9.5,2.4,3.5,5.8,6.4,5.6,3.569221,4.5,4.3,3,6.5,5.7,4.3,14,6.9,13.5,3.9,3.6,7.4,6.6
5.161561,4.3,5.2,5.9,7.564156,10.59334,2.2,5.2,6.9,8.2,3.1,17,3.3,4.4,4.8,3.982234,9.8,2.3,3.6,5.9,6.5,5.6,3.515,4.5,4,3,6.8,5.7,4.1,13.9,7.7,13.3,3.9,3.6,7.5,6.7
5.022227,4.5,5.3,5.6,7.841776,10.40827,2,5.1,6.5,8.2,3.1,17.1,3.2,4.6,4.8,3.541377,9.8,2.2,3.5,6.5,6.9,5.7,3.171049,4.3,4.1,2.9,6.9,5.7,4,13.8,6.8,13.4,4,3.6,7.5,6.7
5.240927,4.5,5.2,5.5,8.063103,10.63156,1.9,4.7,6.8,8.2,3.2,16.7,3.3,4.8,4.9,3.701026,9.6,2.4,3.6,7.1,7,5.7,3.634371,4.1,4,2.9,6.9,5.9,4.2,13.8,7.4,13,4.1,3.6,7.5,6.7
5.10961,4.6,5,5.7,8.164629,11.1701,1.8,5.3,6.7,7.8,3.3,16.3,3.3,5,4.8,3.350956,9.5,2.4,3.4,7.3,7.4,5.8,3.593992,4,3.6,2.8,6.7,6,4.3,13.6,7.8,12.6,4.1,3.5,7.3,6.6
5.198571,5,5,8.4,9.009563,12.35741,1.9,4.8,6.8,7.6,3.4,17.4,3.4,5.3,4.9,3.459626,7.7,2.5,3.9,7.6,7.8,6.6,3.281304,4.1,3.5,2.9,6,5.9,4.5,14.5,6.8,13,4.2,4.4,7.2,6.5
6.296228,6.1,4.9,13.6,10.96848,18.3665,2.2,4.2,7.2,7.6,3.5,17.8,4.2,5.5,4.7,3.667358,7.4,2.6,3.9,8.3,8,7.3,4.862623,4.5,4.1,3.1,5.8,6.5,5.3,15.3,8.2,13.5,4.2,14.8,7.4,6.7
6.99927,7.2,5,14.1,11.86373,19.87998,2.5,5.3,8.6,7.1,3.6,19.6,4.5,5.8,5.1,4.131936,8.7,2.8,4.4,8.6,8.6,7.6,4.276902,4.6,4.9,3.2,6,6.6,5.4,15.5,8.5,13.6,4.2,13.2,7.6,7
7.442556,7.7,5.4,12.4,12.50331,19.28874,2.6,6.8,7.6,7.4,3.7,20.4,4.6,5.9,5.7,4.769401,9.6,2.8,4.2,8.7,8.9,7.6,5.489541,5.4,5,3.4,7.4,6.7,5.3,16,9.1,13.7,4.4,11,8.1,7.4
7.45366,6.7,6,11,12.39152,19.17825,3,6.4,8.2,8.6,3.8,17,4.4,6.1,6.8,4.824532,10.3,2.9,4.1,8.7,9.2,7.1,5.06197,5.5,5.9,3.4,8.1,7,5.1,16.3,9.6,14.1,4.7,10.2,8.5,7.7
6.806517,6.3,6.4,10.2,12.01147,16.91643,2.7,6.3,8.8,9,3.9,16.9,4.3,6.2,7.2,4.914064,10.1,3,3.7,8.6,9.2,6.7,4.937073,5.5,5.2,3.4,8.3,7.1,5.1,16.5,9.3,12.9,5,8.4,8.6,7.8
6.916063,6.3,6.3,9.2,11.5227,16.23654,2.8,6,8.1,8.9,3.9,17.1,4.3,6.4,7.2,4.488435,10.1,3,4.1,8.3,9,6.5,4.814224,5.4,5.3,3.3,8.1,7,5,16.4,9,12.6,5.2,7.8,8.6,7.7
6.976604,6.1,5.8,9,11.14589,16.09235,3.2,5.9,8.2,8.2,3.9,17.3,4.3,6.7,6.4,4.627463,9.9,3.1,4.2,8.1,9.6,6.3,4.596685,5.3,5.5,3.2,7.8,7,5.1,16.3,8.8,13.1,5.2,6.8,8.4,7.5
6.78756,6,5.8,8.7,10.99274,15.19309,3,5.9,8,8,3.9,17.4,4.3,6.8,6.2,4.876027,9.5,3,4.1,8,9.2,6.3,4.516036,5,5.2,3.2,7.3,7,5.3,16.2,8.6,13,5.3,6.7,8.2,7.4
6.529268,6.8,6,8.9,10.77243,14.48232,3,5.9,8.2,7.9,3.9,16.9,4.3,6.9,6.2,4.790328,9.8,3.1,4.2,7.8,8.4,6.4,4.153214,4.9,4.8,3.3,7,7,5.4,16.2,9.2,12.6,5.3,6.7,8.2,7.5
6.270037,7.4,6.5,9.2,10.64376,14.72499,3.3,6.1,8.3,8,3.9,16.3,4.4,6.8,7,4.531511,10.1,3,4.8,7.7,8,6.4,4.486898,4.7,5,3.6,7.1,7.1,5.6,15.9,9,12.3,5.2,6.4,8.3,7.5
5.843062,7.1,6.8,8.5,10.32106,14.46662,3.2,6,8.1,8.2,3.9,16.2,4.3,6.7,7.4,5.127679,10.1,2.9,4.1,7.7,7.5,6.3,4.474533,4.7,5.3,3.8,7,7.1,5.4,15.7,9.1,13.2,5.1,6.2,8.3,7.5
5.668472,6.9,6.7,7.7,10.25577,14.65613,3.3,6.4,7.7,8.2,3.9,17.2,4.2,6.6,7.7,5.477878,10.2,2.7,3.9,7.7,7.6,6.1,4.359766,4.6,4.3,3.8,6.9,7.1,5.1,15.5,9.6,12.9,5,6.1,8.2,7.5
5.461784,7.1,6.4,8.2,9.823476,14.72438,3.3,5,8.6,8.3,3.8,17.1,4.2,6.3,7.6,5.434997,10.2,2.9,3.8,7.8,7.8,5.9,4.821152,4.5,5.1,3.8,7.2,7,4.8,15.7,9.1,13.4,5,6.1,8.3,7.5
5.11489,6.7,6.3,8.3,9.226334,14.59826,3.1,5.1,8.2,8.1,3.7,15.4,4.1,6,7.1,5.383387,9.9,2.9,3.8,7.9,7.6,5.6,4.056415,4.4,5.5,3.6,7.3,6.9,4.5,15.7,9.1,13.4,4.8,5.8,8.1,7.3
5.04609,6.3,6.2,7.9,8.534995,14.67832,2.8,4.8,7.6,8,3.6,14.9,4.1,5.7,6.4,5.334409,9.5,2.9,3.7,7.9,7.3,5.3,4.001543,4.2,4.5,3.5,7,6.9,4.3,15.6,9.4,11,4.7,5.9,7.9,7.2
4.735797,6,6.3,7.4,8.20942,12.77464,2.6,4.1,7.6,7.9,3.5,14.2,4,5.4,5.8,5.09078,9.1,2.8,3.3,7.6,6.8,5.2,4.103101,4.1,5,3.3,6.7,6.9,4.3,15.3,8.7,11.6,4.6,5.4,7.7,7
4.585644,5.8,6.4,7.1,8.175797,13.28719,2.8,5.1,7,7.8,3.4,13.9,4,5.1,5.4,5.083623,9.1,2.8,3.2,7.3,6.7,5.1,4.014248,4.2,4,3.1,6.4,6.8,4.4,14.9,8.9,11.9,4.4,5.1,7.5,6.9
4.702872,5,6.2,7,8.031925,12.67284,2.6,4.9,7.5,7.7,3.4,13.3,3.8,4.9,5.1,5.016943,9.1,2.7,3,7.1,6.7,4.9,3.908767,4.1,3.7,3,6.4,6.7,4.5,14.4,8.9,11.3,4.3,4.7,7.4,6.7
5.268162,5.7,6,6.5,7.79091,13.41833,2.4,4.8,6.7,7.5,3.3,13.5,3.8,4.7,5.2,4.763967,9.1,2.7,3.2,7.1,6.6,4.7,3.820802,3.9,3.7,3,6.4,6.6,4.7,13.9,8.4,11.1,4.2,4.5,7.3,6.6
4.611049,5.1,5.8,6.1,7.6832,13.34798,2.2,4.1,6.8,7.4,3.3,13.1,3.8,4.5,5.3,4.300973,9.1,2.8,3.1,7.3,6.6,4.7,3.773203,3.7,3.9,3,6.3,6.4,4.7,13.5,8.4,11.1,4.2,4.1,7.1,6.5
4.177276,4.9,5.6,5.9,7.655995,12.19662,2.2,4.5,7.2,7.4,3.2,12.8,3.8,4.3,5.1,4.003371,8.8,2.7,3.4,7.3,6.4,4.8,3.841185,3.8,3.3,2.9,6,6.4,4.5,13.3,8,11,4.1,3.9,7,6.4
4.162221,4.7,5.3,6.5,7.723232,12.20798,2.3,4.9,7,7.3,3.2,13.7,3.6,4.2,5,3.721603,8.6,2.8,3.4,7.1,6.3,4.5,3.528035,3.6,3.1,2.9,6,6.4,4.2,13.3,8.1,11.1,4,4,6.9,6.3
4.02726,4.8,5.3,5.5,7.734152,11.91712,2.5,4.4,6.6,7.3,3.1,13,3.6,4.1,4.7,3.84769,8.4,2.7,2.8,6.9,6,4.5,3.801154,3.4,3.4,2.8,5.9,6.3,4.1,13.2,7.3,10.7,3.9,3.8,6.8,6.2
3.975307,4.4,5.4,5.4,7.724775,12.0629,2.3,4,6.6,7.4,3.1,12.6,3.6,4,5,3.758126,8.3,2.6,2.8,6.8,5.7,4.5,3.37885,3.3,3.1,2.8,6.1,6.3,4.1,13.3,7.6,11.1,4,3.6,6.8,6.2
3.851255,4.4,5.7,5.3,7.621821,10.72631,2.5,4,6.2,7.6,3,12.5,3.6,3.9,4.5,3.511837,8.1,2.6,2.8,6.6,5.5,4.4,3.148006,3.2,2.6,2.8,6.1,6.3,4.4,13.1,7.8,10.9,3.9,3.7,6.8,6.2
3.943206,4.6,5.9,5.2,7.592406,10.30739,2.5,4.1,6.1,7.6,3,12.6,3.6,3.9,4.2,3.688368,8.1,2.6,2.9,6.5,5.6,4.4,3.318376,3.3,3.8,2.8,6.2,6.2,4.4,12.9,7.8,10.9,3.9,3.6,6.7,6.2
3.629171,4.3,5.8,5,7.566952,11.30602,2.4,4.3,6.9,7.5,3,12.3,3.6,4,4.2,3.367321,8.2,2.6,2.9,6.6,5.8,4.4,3.343154,3.4,3.1,2.8,6.1,6.2,4.3,12.9,7.4,10.2,3.7,3.6,6.7,6.1
3.457927,4.6,5.5,4.8,7.618439,10.80952,2.4,4.6,7.1,7.3,3,12.5,3.6,4,4.2,3.573216,8,2.5,2.9,6.9,6.1,4.5,3.212936,3.6,2.8,2.9,6,6.1,4.1,12.8,7.3,10.2,3.6,3.5,6.7,6.1
3.54229,5,5.4,5.2,7.81784,10.98283,2.4,4.5,7.2,7.2,3.1,12.2,3.6,3.9,4.2,3.671737,8.2,2.5,2.6,7,6.2,4.7,3.281769,3.8,3.5,3,6,6.1,3.9,12.8,6.9,9.8,3.8,3.6,6.7,6.1
3.600652,5.1,5.4,5.1,7.925461,11.34641,2.3,4.5,7.2,7.1,3.1,12.2,3.7,3.8,4.2,3.810601,8,2.6,2.8,7,6.1,4.7,3.12053,3.8,3.4,3,6.1,6.1,3.8,12.9,7,10.1,3.9,3.5,6.7,6.1
3.458492,4.8,5.6,5.1,8.214551,10.80496,2.2,4.5,6.4,7.2,3.1,12,3.7,3.8,4.4,4.049018,7.8,2.6,2.8,7,5.9,4.9,3.207063,3.7,3.2,3,6.1,6,3.7,13,7.8,10.3,3.8,3.6,6.7,6.1
3.494667,5.2,5.7,5.1,8.379083,10.92333,2.6,4.8,6.7,7.1,3.1,11.8,3.7,3.7,4.5,4.021585,7.8,2.5,2.7,6.8,5.9,4.8,2.94588,3.6,3.2,2.9,6.6,6,3.6,13.1,7.2,10.1,3.9,3.6,6.7,6.1
3.491395,4.9,5.7,5,8.444714,11.15335,2.3,4.8,7.3,7.1,3,12.1,3.7,3.7,4.4,4.148292,7.9,2.5,3,6.6,6.3,4.9,2.994746,3.5,3.5,2.8,6.9,6,3.6,13.1,7.5,10.3,3.8,3.5,6.7,6.1
3.655499,5.2,5.6,5,8.607089,11.32267,2.5,4.4,7.1,7.1,3,10.9,3.8,3.6,4.3,4.153565,7.9,2.5,2.9,6.3,6.7,4.9,2.874425,3.6,3.4,2.7,7.1,6.1,3.6,13.1,7.3,9.6,3.9,3.4,6.7,6.1
3.601379,5,5.6,5.1,8.736081,10.3934,2.5,5.4,6.6,7.1,3,10.9,3.8,3.6,4.2,3.852933,7.8,2.6,2.6,6.1,7.1,4.9,2.771111,3.5,3.8,2.7,7,6,3.6,13,7.7,10,4,3.6,6.6,6
3.580611,4.6,5.6,5.1,8.627745,9.960422,2.5,4.8,6.5,7.1,2.9,11.3,3.8,3.5,4.1,3.711922,7.9,2.7,2.7,6,6.9,4.9,2.728926,3.5,3.7,2.7,7,6,3.7,12.6,7.1,10.1,3.9,3.5,6.6,6
3.702917,5.1,5.6,5.1,8.340726,10.34471,2.7,5,7.1,7.3,2.9,11.4,3.9,3.5,4.1,3.57491,7.9,2.6,2.6,6.2,6.4,4.9,2.929125,3.4,3.5,2.7,6.6,5.9,3.7,12.1,7.1,10.1,4,3.4,6.5,6
3.592194,4.8,5.7,5.3,8.302165,10.17294,2.5,4.8,7.1,7.4,2.9,11.1,3.9,3.5,4.2,3.565709,7.8,2.6,2.6,6.4,6.4,5,2.971584,3.5,3.2,2.8,6.4,5.8,3.7,12,7.3,9.6,4.2,3.7,6.5,6
3.54984,5.1,5.6,5.4,8.396454,9.408331,2.6,4.7,7.2,7.4,3,11.5,4,3.5,4.3,3.549791,7.5,2.5,2.6,6.6,6.4,5.2,2.644759,3.5,3.5,2.8,6.3,5.8,3.7,11.9,8,9.4,4.3,3.6,6.5,6
3.724852,5.5,5.4,5.5,8.654469,9.479004,2.8,5.3,7.5,7.4,3,11.1,4,3.5,4.3,3.435866,7.8,2.6,2.8,6.6,6.6,5.2,2.906374,3.6,3.7,2.8,6.2,5.9,3.8,12,7.1,9.3,4.2,3.5,6.6,6
3.696225,5.4,5.3,5.5,8.677194,9.621177,2.6,4.2,7.3,7.4,3,11.1,4.1,3.6,4.3,3.196649,7.6,2.6,2.5,6.6,7,5.3,2.743714,3.6,3.6,2.8,6.2,5.9,3.8,12,8.1,9.1,4.1,3.8,6.5,6
3.568183,5.4,5.4,5.6,8.835507,9.788251,2.7,4.8,7.5,7.4,3.1,10.9,4,3.6,4.5,3.23249,7.6,2.6,2.6,6.6,7.2,5.5,2.687397,3.7,3.5,2.9,6.4,5.8,3.7,12,8.2,9.1,4,3.8,6.6,6.1
3.800354,5.1,5.5,5.7,9.016912,10.25542,2.9,6.2,7.5,7.5,3.1,10.9,4.1,3.6,4.5,3.043797,7.6,2.5,2.5,6.8,7.3,5.6,2.662986,3.6,3.7,3,6.6,5.6,3.6,11.9,7.9,8.5,3.9,3.8,6.6,6.1
3.904932,5,5.5,5.8,9.026017,10.34831,2.6,6,7.7,7.5,3.1,10.8,4.2,3.6,4.5,2.900805,7.5,2.5,2.8,7,7.2,5.8,2.807707,3.5,3.8,3,6.5,5.5,3.5,11.9,7.9,9,3.8,3.7,6.5,6.1
3.944126,5.4,5.6,5.8,8.862595,10.82668,2.7,6,7.6,7.6,3.2,10.6,4.2,3.6,4.5,3.180504,7.2,2.5,3.2,7,7,5.6,2.832556,3.6,3.6,3,6.5,5.5,3.4,11.9,8.2,8.8,4,3.7,6.5,6.1
4.080643,5,5.7,5.7,8.74871,10.42713,3,6,7.8,7.5,3.2,11.3,4.3,3.6,4.5,3.29558,7.2,2.4,3,6.9,7.4,5.7,2.726828,3.6,4.4,3,6.6,5.6,3.3,11.9,8.2,9,4.2,3.7,6.5,6.1
3.728415,4.7,5.7,5.8,8.598167,10.67299,2.7,5.8,7.7,7.5,3.3,11.4,4.3,3.6,4.1,3.279727,7.3,2.6,2.6,6.9,7.5,5.7,2.514968,3.7,3.4,2.9,6.6,5.5,3.3,11.8,8.1,8.7,4.3,3.9,6.5,6.1
3.878875,5,5.7,6.1,8.488487,11.18608,2.9,5.7,8.5,7.4,3.3,10.5,4.3,3.5,4.2,3.351941,7,2.6,2.8,6.9,7.5,5.7,2.607214,3.6,4,2.9,6.5,5.5,3.4,11.7,8.6,8.6,4.4,3.8,6.5,6
4.080944,5,5.6,6.1,8.133233,10.27586,2.8,6,8.3,7.4,3.4,10.5,4.3,3.3,4.3,3.384128,6.8,2.6,2.8,7,7.5,5.7,2.703684,3.7,4.3,2.9,6.4,5.4,3.5,11.6,8.5,8.6,4.4,3.9,6.5,6
